UID,Uname,Pword,name,Email
1,Gameboy12,Marioiscool,Bobby Thompson,gamer@hotmail.com
2,Johnroberts,roberts13,John Roberts,johnroberts@gmail.com
3,coolkat13,dogsarecooler,Kathryn Bell,hamesterqueen@gmail.com
4,FoxyGrandpa,Ezekielismyname,Joe Trasky,thisismyemail@aol.com
5,Fakeusername,fakepassword,Fake Name,fakeemail@email.com
6,Solbadman,Realbadguy,Sol Ragna,guiltygears@arcsys.com
7,Spartanx,John117,Gresc Pil,cortana@live.com
8,jonnieboy,mayflower,Jonny Boy,jonne@hotmail.com
9,Jonnieboy123,Mayflower12,Gon Freecs,replacementemail@hotmail.com
10,minigamer,smallhands,Sasuke Uchiha,lalagogo@hotmail.com
11,50centsandsoftime,9bullets,Naruto Uzimaki,tanktopking@gmail.com
12,Guysnightout,fortheboys,Drew Gooden,coldones@gmail.com
13,fourscoreand7years,biggesthat,Spirit Resky,emanproc@gmail.com
14,nightowl,Uppastnoon,Zane Trillo,donttellmom@gmail.com
15,182h38dh3,U4u4u43,Michele Sappleton,8749374@gmail.com